{
  "balanced_accuracy": 0.31074995152220286,
  "accuracy": 0.6695842450765864,
  "per_class_recall": {
    "hungry": 0.7643979057591623,
    "tired": 0.041666666666666664,
    "discomfort": 0.18518518518518517,
    "belly_pain": 0.4375,
    "burping": 0.125
  },
  "confusion_matrix": [
    [
      292,
      36,
      27,
      11,
      16
    ],
    [
      17,
      1,
      2,
      3,
      1
    ],
    [
      20,
      1,
      5,
      1,
      0
    ],
    [
      6,
      1,
      1,
      7,
      1
    ],
    [
      5,
      2,
      0,
      0,
      1
    ]
  ],
  "n_samples": {
    "hungry": 382,
    "tired": 24,
    "discomfort": 27,
    "belly_pain": 16,
    "burping": 8
  }
}